,Category,Sub-category,Keyword
0,Video,Facebook Video,Facebook Video template
1,Video,Social Feed Video Ad,Social Feed Video Ad template
2,Video,Pinterest Video Pin,Pinterest Video Pin template
3,Video,In-Stream Video Ad,In-Stream Video Ad template
4,Video,Youtube Intro,Youtube Intro template
5,Video,Video Collage,Video Collage template
6,Video,Slideshow Video,Slideshow Video template
7,Social Media,Animated Social Media,Animated Social Media template
8,Social Media,Instagram Post,Instagram Post template
9,Social Media,Instagram Story,Instagram Story template
10,Social Media,Facebook Post,Facebook Post template
11,Social Media,Facebook Story,Facebook Story template
12,Social Media,Facebook Cover,Facebook Cover template
13,Social Media,Facebook App Ad,Facebook App Ad template
14,Social Media,Social Media,Social Media template
15,Social Media,Your Story,Your Story template
16,Social Media,Whatsapp Story,Whatsapp Story template
17,Documents,Presentation,Presentation template
18,Documents,A4 Document,A4 Document template
19,Documents,Letter,Letter template
20,Documents,Letterhead,Letterhead template
21,Documents,Resume,Resume template
22,Documents,Presentation (4:3),Presentation (4:3) template
23,Documents,Report,Report template
24,Documents,Daily Report,Daily Report template
25,Documents,Memo,Memo template
26,Documents,Invoice,Invoice template
27,Personal,Card,Card template
28,Personal,Birthday Card,Birthday Card template
29,Personal,Photo Collage,Photo Collage template
30,Personal,Photo Book,Photo Book template
31,Personal,Calendar,Calendar template
32,Personal,Planner,Planner template
33,Personal,Storyboard,Storyboard template
34,Personal,Graphic Organiser,Graphic Organiser template
35,Personal,Scrapbook,Scrapbook template
36,Personal,Desktop Wallpaper,Desktop Wallpaper template
37,Personal,Postcard,Postcard template
38,Education,Yearbook,Yearbook template
39,Education,Class Schedule,Class Schedule template
40,Education,Worksheet,Worksheet template
41,Education,Lesson Plan,Lesson Plan template
42,Education,Report Card,Report Card template
43,Education,Bookmark,Bookmark template
44,Education,Seating Chart,Seating Chart template
45,Education,Table of Contents,Table of Contents template
46,Education,Mind Map,Mind Map template
47,Marketing,Logo,Logo template
48,Marketing,Poster,Poster template
49,Marketing,Flyer,Flyer template
50,Marketing,Business Card,Business Card template
51,Marketing,Infographic,Infographic template
52,Marketing,Brochure,Brochure template
53,Marketing,Product Label,Product Label template
54,Marketing,Gift Certificate,Gift Certificate template
55,Marketing,Gift Tag,Gift Tag template
56,Marketing,Ticket,Ticket template
57,Marketing,Newsletter,Newsletter template
58,Events,Invitation,Invitation template
59,Events,Birthday Invitation,Birthday Invitation template
60,Events,Wedding Invitation (Portrait),Wedding Invitation (Portrait) template
61,Events,Announcement,Announcement template
62,Events,Programme,Programme template
63,Events,Event Programme,Event Programme template
64,Events,Facebook Event Cover,Facebook Event Cover template
65,Ads,Facebook Ad,Facebook Ad template
66,Ads,Instagram Ad,Instagram Ad template
67,Ads,Large Rectangle Ad,Large Rectangle Ad template
68,Ads,Leaderboard Ad,Leaderboard Ad template
69,Ads,Wide Skyscraper Ad,Wide Skyscraper Ad template
70,Ads,Medium Rectangle Ad,Medium Rectangle Ad template
